,pearson_corr_with_target
EXT_SOURCE_2,-0.1602947532099674
EXT_SOURCE_3,-0.15589168562406072
EXT_SOURCE_1,-0.09888661450126487
BUREAU_DAYS_CREDIT_MEAN,0.08972896721998304
BUREAU_CREDIT_ACTIVE_CLOSED,-0.07936887408889616
DAYS_BIRTH,0.0782393083098246
PREV_NAME_CONTRACT_STATUS_REFUSED,0.07767144969646173
BUREAU_CREDIT_ACTIVE_ACTIVE,0.07735577958544465
BUREAU_DAYS_CREDIT_MIN,0.07524825103010162
PREV_CODE_REJECT_REASON_XAP,-0.07393007312791985
BUREAU_DAYS_CREDIT_UPDATE_MEAN,0.06892735266968585
PREV_NAME_CONTRACT_STATUS_APPROVED,-0.06352074883152288
REGION_RATING_CLIENT_W_CITY,0.06089266756482329
BUREAU_DAYS_ENDDATE_FACT_STD,-0.06028641483577682
PREV_DAYS_DECISION_STD,-0.0597920365783606
REGION_RATING_CLIENT,0.058899014945713424
PREV_NAME_PRODUCT_TYPE_WALK-IN,0.05741188576770592
PREV_CODE_REJECT_REASON_SCOFR,0.05586467000053818
BUREAU_DAYS_ENDDATE_FACT_MIN,0.05583528367381419
DAYS_LAST_PHONE_CHANGE,0.055218230125844626
PREV_CODE_REJECT_REASON_HC,0.05453099398601453
PREV_DAYS_DECISION_MIN,0.05343369406767324
DAYS_ID_PUBLISH,0.0514571726070566
REG_CITY_NOT_WORK_CITY,0.05099446436812645
BUREAU_DAYS_CREDIT_STD,-0.050064311138174875
BUREAU_DAYS_CREDIT_MAX,0.04978205463997289
PREV_DAYS_DECISION_MEAN,0.04686436759886291
FLAG_EMP_PHONE,0.04598221971659225
BUREAU_DAYS_ENDDATE_FACT_MEAN,0.04530201393961957
DAYS_EMPLOYED,-0.044931662657738305
PREV_RATE_DOWN_PAYMENT_STD,-0.044753641365169385
PREV_DAYS_FIRST_DRAWING_STD,0.04460773215120893
PREV_DAYS_FIRST_DRAWING_MIN,-0.04452230549902847
BUREAU_CREDIT_TYPE_MICROLOAN,0.04443943809087769
REG_CITY_NOT_LIVE_CITY,0.04439537480570096
FLAG_DOCUMENT_3,0.04434634685114499
BUREAU_DAYS_CREDIT_ENDDATE_MEAN,0.04361251498205483
BUREAU_DAYS_CREDIT_UPDATE_MIN,0.04286392247073062
PREV_NAME_YIELD_GROUP_XNA,0.04284754381923075
DAYS_REGISTRATION,0.04197486283141724
BUREAU_DAYS_CREDIT_UPDATE_STD,-0.04127528360455151
PREV_NAME_YIELD_GROUP_LOW_NORMAL,-0.0411335388283155
PREV_PRODUCT_COMBINATION_CARD STREET,0.04024178057668445
PREV_CODE_REJECT_REASON_LIMIT,0.03984174116581067
PREV_CNT_PAYMENT_STD,0.039741201766960284
AMT_GOODS_PRICE,-0.03962326045768409
FLOORSMAX_AVG,-0.03938545627344233
PREV_RATE_DOWN_PAYMENT_MAX,-0.03917762103594597
FLOORSMAX_MEDI,-0.039157208515893285
PREV_NAME_CONTRACT_TYPE_REVOLVING LOANS,0.03872285444179024
FLOORSMAX_MODE,-0.03837708608627293
PREV_NAME_YIELD_GROUP_HIGH,0.03756787609892031
PREV_PRODUCT_COMBINATION_CASH X-SELL: LOW,-0.03749444019923292
REGION_POPULATION_RELATIVE,-0.037227148542444743
PREV_HOUR_APPR_PROCESS_START_MEAN,-0.03592713211133668
ELEVATORS_AVG,-0.03585309175037366
BUREAU_DAYS_CREDIT_ENDDATE_MAX,0.03584386055439375
ELEVATORS_MEDI,-0.03555151443537974
PREV_AMT_ANNUITY_MEAN,-0.03539718762263048
BUREAU_DAYS_CREDIT_ENDDATE_STD,0.03533457495977187
PREV_NAME_PAYMENT_TYPE_XNA,0.0349459687135351
PREV_CHANNEL_TYPE_AP+ (CASH LOAN),0.034827695160164825
BUREAU_CREDIT_TYPE_CREDIT CARD,0.03468405774232282
PREV_NAME_PAYMENT_TYPE_CASH THROUGH THE BANK,-0.0346688759957518
PREV_NAME_PORTFOLIO_POS,-0.03434402142999338
ELEVATORS_MODE,-0.03422022818661748
PREV_PRODUCT_COMBINATION_POS INDUSTRY WITH INTEREST,-0.03394185161771386
PREV_RATE_DOWN_PAYMENT_MEAN,-0.03299217309057797
PREV_NAME_TYPE_SUITE_NAN,0.03297511532680082
PREV_NAME_CONTRACT_TYPE_CONSUMER LOANS,-0.032623698559036844
LIVE_CITY_NOT_WORK_CITY,0.03251834110149831
DEF_30_CNT_SOCIAL_CIRCLE,0.03239421508455534
PREV_AMT_ANNUITY_MIN,-0.032194806102606534
PREV_NAME_GOODS_CATEGORY_XNA,0.0321314324733795
PREV_NAME_PORTFOLIO_CARDS,0.031726126363782636
PREV_HOUR_APPR_PROCESS_START_MIN,-0.03142707563606406
DEF_60_CNT_SOCIAL_CIRCLE,0.03140052988503031
BUREAU_DAYS_CREDIT_ENDDATE_MIN,0.031313523914631915
PREV_DAYS_FIRST_DRAWING_MEAN,-0.03098514518366897
PREV_HOUR_APPR_PROCESS_START_MAX,-0.030846893965697914
AMT_CREDIT,-0.03036928646142986
TOTALAREA_MODE,-0.030213971215774068
PREV_CNT_PAYMENT_MAX,0.030185418598121704
PREV_NAME_GOODS_CATEGORY_FURNITURE,-0.03017438961634189
PREV_PRODUCT_COMBINATION_CASH X-SELL: HIGH,0.03015336432388784
PREV_PRODUCT_COMBINATION_CASH STREET: HIGH,0.030138462198248436
LIVINGAREA_AVG,-0.02946353257754787
PREV_NAME_PORTFOLIO_XNA,0.02943226783104499
LIVINGAREA_MEDI,-0.029359203627170472
PREV_NAME_YIELD_GROUP_LOW_ACTION,-0.029340077516195325
PREV_NAME_SELLER_INDUSTRY_FURNITURE,-0.028631929523704837
FLAG_DOCUMENT_6,-0.02860189397306156
FLAG_WORK_PHONE,0.02852432236321691
PREV_NAME_SELLER_INDUSTRY_CONNECTIVITY,0.028463138622664124
BUREAU_DAYS_CREDIT_UPDATE_MAX,0.02823354689653639
PREV_AMT_ANNUITY_MAX,-0.027924812575025652
LIVINGAREA_MODE,-0.027883747174647883
PREV_AMT_ANNUITY_STD,-0.027619714691377226
APARTMENTS_MEDI,-0.026841125938825792
PREV_NAME_CLIENT_TYPE_REFRESHED,-0.02682049574673768
APARTMENTS_AVG,-0.026733833075748205
BUREAU_CREDIT_TYPE_CONSUMER CREDIT,-0.026258496023451844
PREV_AMT_DOWN_PAYMENT_MEAN,-0.026177866001972794
PREV_AMT_DOWN_PAYMENT_MAX,-0.025545049989006537
APARTMENTS_MODE,-0.025418444742105223
PREV_NAME_SELLER_INDUSTRY_XNA,0.02480653876392668
PREV_CNT_PAYMENT_MEAN,0.02456437628984821
HOUR_APPR_PROCESS_START,-0.024165831430093713
PREV_AMT_DOWN_PAYMENT_STD,-0.023823249420980228
FLAG_PHONE,-0.02380627233035723
PREV_NAME_CASH_LOAN_PURPOSE_REPAIRS,0.02296709543832693
PREV_PRODUCT_COMBINATION_POS HOUSEHOLD WITHOUT INTEREST,-0.022574898259019698
PREV_NAME_TYPE_SUITE_FAMILY,-0.022375154842686398
PREV_NAME_SELLER_INDUSTRY_CONSUMER ELECTRONICS,-0.022366977152731247
PREV_PRODUCT_COMBINATION_POS INDUSTRY WITHOUT INTEREST,-0.021917310555115983
PREV_AMT_GOODS_PRICE_MIN,-0.02188202752179834
PREV_AMT_APPLICATION_MEAN,-0.021803443979982358
PREV_PRODUCT_COMBINATION_POS MOBILE WITH INTEREST,0.021578090669261273
PREV_NAME_GOODS_CATEGORY_CLOTHING AND ACCESSORIES,-0.021320683771328338
PREV_NAME_CLIENT_TYPE_NEW,0.021299296454335467
PREV_NAME_PRODUCT_TYPE_XNA,-0.021236074213281875
PREV_CHANNEL_TYPE_STONE,-0.021195389527130157
FLOORSMIN_AVG,-0.02115833596840641
FLOORSMIN_MEDI,-0.020995426526855484
PREV_NAME_SELLER_INDUSTRY_CLOTHING,-0.020902843499659617
BUREAU_CREDIT_TYPE_MORTGAGE,-0.020867457456362194
PREV_AMT_APPLICATION_MIN,-0.02082825871433716
PREV_DAYS_FIRST_DUE_STD,-0.020363527051089233
FLOORSMIN_MODE,-0.020147305718976567
BUREAU_CREDIT_TYPE_CAR LOAN,-0.02013438680569183
PREV_DAYS_FIRST_DUE_MAX,-0.020093372475921297
BUREAU_AMT_CREDIT_SUM_MEAN,-0.019955779293329062
BUREAU_AMT_CREDIT_SUM_MAX,-0.01973703962192054
PREV_AMT_CREDIT_MIN,-0.01941657425798649
PREV_NAME_GOODS_CATEGORY_CONSUMER ELECTRONICS,-0.019334952039212684
LIVINGAPARTMENTS_AVG,-0.019262000110591846
CNT_CHILDREN,0.01918713359627063
PREV_NAME_CASH_LOAN_PURPOSE_OTHER,0.019144299413293875
LIVINGAPARTMENTS_MEDI,-0.019138024052427254
PREV_NAME_CASH_LOAN_PURPOSE_URGENT NEEDS,0.01912643458137068
PREV_DAYS_LAST_DUE_1ST_VERSION_MAX,0.01902863625150698
LIVINGAPARTMENTS_MODE,-0.018828817397828927
PREV_PRODUCT_COMBINATION_CASH,0.018579014183632572
PREV_PRODUCT_COMBINATION_CASH STREET: MIDDLE,0.018417195277543617
PREV_AMT_GOODS_PRICE_MEAN,-0.0183839320447157
PREV_NAME_GOODS_CATEGORY_MOBILE,0.018337201020604627
PREV_NAME_PRODUCT_TYPE_X-SELL,-0.018257506275154944
NONLIVINGAREA_AVG,-0.018186779401862807
NONLIVINGAREA_MEDI,-0.018094236688153326
NONLIVINGAREA_MODE,-0.017983625140458884
PREV_NFLAG_INSURED_ON_APPROVAL_STD,-0.01792663786032189
PREV_NFLAG_INSURED_ON_APPROVAL_MEAN,-0.017911659609030715
PREV_DAYS_LAST_DUE_1ST_VERSION_STD,0.017644827038950695
BASEMENTAREA_AVG,-0.017633674025996155
BASEMENTAREA_MEDI,-0.017254618754853377
BUREAU_AMT_CREDIT_SUM_STD,-0.017069324412192742
BUREAU_CREDIT_ACTIVE_SOLD,0.016530032076331705
PREV_DAYS_DECISION_MAX,0.016399152642715076
PREV_NAME_TYPE_SUITE_CHILDREN,-0.016374149167631497
COMMONAREA_MEDI,-0.016266388624516282
COMMONAREA_AVG,-0.016193646547764114
BASEMENTAREA_MODE,-0.016136397809288848
PREV_AMT_CREDIT_MEAN,-0.01611478645697807
PREV_NAME_YIELD_GROUP_MIDDLE,-0.016002826845750752
ENTRANCES_AVG,-0.01598399126750665
OWN_CAR_AGE,0.015981596247904142
ENTRANCES_MEDI,-0.01573406124323919
PREV_PRODUCT_COMBINATION_CASH X-SELL: MIDDLE,-0.01555685378894478
PREV_NAME_SELLER_INDUSTRY_CONSTRUCTION,-0.015246971757314442
COMMONAREA_MODE,-0.01523843257684986
PREV_NAME_CONTRACT_TYPE_CASH LOANS,0.015006472502940542
PREV_NAME_CASH_LOAN_PURPOSE_XAP,-0.015006472502940314
AMT_REQ_CREDIT_BUREAU_MON,-0.014793717931465382
PREV_AMT_GOODS_PRICE_STD,-0.01447624618851063
PREV_AMT_DOWN_PAYMENT_MIN,-0.014456260964276362
PREV_CNT_PAYMENT_MIN,-0.014100834605504497
PREV_DAYS_LAST_DUE_1ST_VERSION_MEAN,0.014031003020605469
ENTRANCES_MODE,-0.01351512293424273
PREV_AMT_APPLICATION_STD,-0.01345831813133372
AMT_ANNUITY,-0.01281477396303297
BUREAU_SK_ID_BUREAU_MAX,-0.012657641191312278
PREV_AMT_APPLICATION_MAX,-0.012605485692280418
PREV_DAYS_TERMINATION_MIN,0.012426111349754297
PREV_AMT_GOODS_PRICE_MAX,-0.01235298723930037
LANDAREA_MEDI,-0.012269167906137366
PREV_NAME_CASH_LOAN_PURPOSE_PAYMENTS ON OTHER LOANS,0.012261257922769454
PREV_NAME_CONTRACT_STATUS_CANCELED,0.012200626312825478
PREV_CODE_REJECT_REASON_SCO,0.012183361404827682
AMT_REQ_CREDIT_BUREAU_YEAR,0.01216122637304045
PREV_CHANNEL_TYPE_CONTACT CENTER,0.012147948996287662
LANDAREA_AVG,-0.012046989614053176
LANDAREA_MODE,-0.011859599552706426
BUREAU_SK_ID_BUREAU_MEAN,-0.011792152669165857
FLAG_DOCUMENT_16,-0.011614671588293182
PREV_NAME_CASH_LOAN_PURPOSE_CAR REPAIRS,0.011602097123476988
FLAG_DOCUMENT_13,-0.011583222341419473
PREV_NAME_TYPE_SUITE_UNACCOMPANIED,-0.011526174585606386
PREV_DAYS_LAST_DUE_MIN,0.011492844781057507
PREV_PRODUCT_COMBINATION_POS HOUSEHOLD WITH INTEREST,-0.011429217285434928
YEARS_BUILD_MEDI,-0.011363622134065273
YEARS_BUILD_AVG,-0.011281258438957076
BUREAU_AMT_CREDIT_SUM_OVERDUE_STD,0.011157489319094924
PREV_DAYS_FIRST_DUE_MEAN,-0.010893241805485843
BUREAU_AMT_CREDIT_SUM_LIMIT_STD,-0.010886212479205341
BUREAU_AMT_CREDIT_SUM_LIMIT_MEAN,-0.010804693378975052
BUREAU_AMT_CREDIT_SUM_MIN,-0.010763265242908887
PREV_NFLAG_INSURED_ON_APPROVAL_MAX,-0.010656077227205189
YEARS_BUILD_MODE,-0.01064766020317578
PREV_NAME_CASH_LOAN_PURPOSE_BUILDING A HOUSE OR AN ANNEX,0.010628468758617836
BUREAU_AMT_CREDIT_SUM_OVERDUE_MAX,0.010614177015889643
BUREAU_AMT_CREDIT_SUM_LIMIT_MAX,-0.010435280678202012
PREV_CHANNEL_TYPE_CREDIT AND CASH OFFICES,0.01035916365673537
BUREAU_SK_ID_BUREAU_MIN,-0.01035907675448239
PREV_RATE_DOWN_PAYMENT_MIN,-0.010154747688395086
PREV_NAME_GOODS_CATEGORY_CONSTRUCTION MATERIALS,-0.010062410176699
PREV_PRODUCT_COMBINATION_CARD X-SELL,0.010021535898021044
PREV_WEEKDAY_APPR_PROCESS_START_SUNDAY,-0.009747535373062426
FLAG_DOCUMENT_14,-0.009463821935576943
OBS_30_CNT_SOCIAL_CIRCLE,0.009446606975851743
OBS_60_CNT_SOCIAL_CIRCLE,0.009337242924071058
PREV_DAYS_LAST_DUE_MEAN,0.00930871393474247
CNT_FAM_MEMBERS,0.009308103988657949
PREV_NAME_GOODS_CATEGORY_MEDICAL SUPPLIES,-0.009272157424444814
PREV_AMT_CREDIT_STD,-0.00922889970989502
PREV_NAME_CASH_LOAN_PURPOSE_MEDICINE,0.00921560769748053
PREV_CHANNEL_TYPE_REGIONAL / LOCAL,-0.009068600238167978
PREV_NAME_SELLER_INDUSTRY_INDUSTRY,-0.008886040670647376
PREV_NAME_CONTRACT_TYPE_XNA,0.008606850281737872
PREV_PRODUCT_COMBINATION_NAN,0.008606850281737872
PREV_CHANNEL_TYPE_CHANNEL OF CORPORATE SALES,-0.008605565872127898
PREV_FLAG_LAST_APPL_PER_CONTRACT_N,0.008505228011366061
PREV_FLAG_LAST_APPL_PER_CONTRACT_Y,-0.008505228011365605
PREV_WEEKDAY_APPR_PROCESS_START_SATURDAY,-0.0084520029380329
PREV_AMT_CREDIT_MAX,-0.00843906024924306
PREV_DAYS_TERMINATION_MEAN,0.00821092721196186
PREV_HOUR_APPR_PROCESS_START_STD,-0.008179927643386192
PREV_NAME_CASH_LOAN_PURPOSE_GASIFICATION / WATER SUPPLY,0.008170093272828765
BUREAU_CREDIT_DAY_OVERDUE_MEAN,0.008118453706602063
FLAG_DOCUMENT_8,-0.00804038446605665
PREV_DAYS_FIRST_DUE_MIN,0.007981671403256943
FLAG_DOCUMENT_18,-0.007952385099462259
PREV_DAYS_LAST_DUE_1ST_VERSION_MIN,0.007775425867407517
BUREAU_SK_ID_BUREAU_STD,-0.007660387990793104
BUREAU_CREDIT_DAY_OVERDUE_MIN,0.007573067345301784
PREV_NAME_CASH_LOAN_PURPOSE_BUYING A USED CAR,0.007555356924459444
PREV_NAME_GOODS_CATEGORY_AUDIO/VIDEO,-0.007252149777714784
BUREAU_AMT_CREDIT_SUM_OVERDUE_MEAN,0.0071502654781131466
REG_REGION_NOT_WORK_REGION,0.006941907545371866
PREV_NAME_GOODS_CATEGORY_TOURISM,-0.006858282969959236
BUREAU_CREDIT_CURRENCY_CURRENCY 2,-0.006821333872812081
PREV_DAYS_FIRST_DRAWING_MAX,-0.006724298537231938
PREV_DAYS_LAST_DUE_MAX,0.0066757111977136675
FLAG_DOCUMENT_15,-0.006535657584094894
PREV_NAME_GOODS_CATEGORY_HOMEWARES,-0.006435611875893116
PREV_NAME_PORTFOLIO_CASH,0.0061029177371423665
BUREAU_CREDIT_CURRENCY_CURRENCY 1,0.0060369059977394115
NONLIVINGAPARTMENTS_AVG,-0.005909960118483738
AMT_REQ_CREDIT_BUREAU_QRT,-0.00583313925393412
PREV_WEEKDAY_APPR_PROCESS_START_MONDAY,0.005777315705790025
PREV_NAME_GOODS_CATEGORY_MEDICINE,-0.005656988025848937
NONLIVINGAPARTMENTS_MEDI,-0.0056495785788008126
PREV_NAME_SELLER_INDUSTRY_AUTO TECHNOLOGY,0.005629438371839545
REG_REGION_NOT_LIVE_REGION,0.005575944520908339
BUREAU_CNT_CREDIT_PROLONG_STD,0.005495296263119996
BUREAU_CREDIT_DAY_OVERDUE_MAX,0.005492626487774812
FLAG_DOCUMENT_2,0.005417144279619327
PREV_NAME_TYPE_SUITE_OTHER_A,0.005298654967377315
"PREV_NAME_TYPE_SUITE_SPOUSE, PARTNER",-0.005276217760100674
PREV_DAYS_TERMINATION_MAX,0.005208629870092774
YEARS_BEGINEXPLUATATION_MEDI,-0.00487164940798071
NONLIVINGAPARTMENTS_MODE,-0.004858642164702395
PREV_WEEKDAY_APPR_PROCESS_START_FRIDAY,0.004809062108805299
BUREAU_AMT_CREDIT_SUM_LIMIT_MIN,-0.004802680604823106
PREV_NAME_GOODS_CATEGORY_OTHER,-0.004757019861054344
PREV_NAME_CASH_LOAN_PURPOSE_WEDDING / GIFT / HOLIDAY,0.004742707911749576
PREV_NFLAG_LAST_APPL_IN_DAY_MIN,-0.004720681520899183
YEARS_BEGINEXPLUATATION_AVG,-0.004664823100134893
BUREAU_CREDIT_ACTIVE_BAD DEBT,0.004638138776317396
BUREAU_AMT_CREDIT_MAX_OVERDUE_MIN,0.004632237194201584
PREV_NAME_CLIENT_TYPE_REPEATER,-0.0046200572066683356
BUREAU_CREDIT_DAY_OVERDUE_STD,0.004564637473608383
PREV_NAME_SELLER_INDUSTRY_TOURISM,-0.004563189997576418
PREV_NFLAG_LAST_APPL_IN_DAY_STD,0.004562831389469738
PREV_NAME_CASH_LOAN_PURPOSE_BUYING A HOLIDAY HOME / LAND,0.004416046322200424
PREV_NAME_GOODS_CATEGORY_PHOTO / CINEMA EQUIPMENT,-0.004355107081515955
PREV_NAME_GOODS_CATEGORY_COMPUTERS,-0.004355040951740135
FLAG_DOCUMENT_9,-0.004352408580842044
PREV_NAME_GOODS_CATEGORY_GARDENING,-0.004255180990972838
FLAG_DOCUMENT_11,-0.0042293496521600225
PREV_NAME_SELLER_INDUSTRY_MLM PARTNERS,-0.004195147760607532
PREV_SELLERPLACE_AREA_STD,-0.004175259114637582
PREV_SK_ID_PREV_MAX,0.004084693722652403
YEARS_BEGINEXPLUATATION_MODE,-0.004061177278194207
PREV_WEEKDAY_APPR_PROCESS_START_WEDNESDAY,0.0040426266105306665
PREV_CODE_REJECT_REASON_XNA,0.003989797761953276
AMT_INCOME_TOTAL,-0.003981865601205788
BUREAU_CNT_CREDIT_PROLONG_MAX,0.003950741363694705
PREV_NAME_CASH_LOAN_PURPOSE_HOBBY,0.0039238426271774466
PREV_PRODUCT_COMBINATION_POS OTHER WITH INTEREST,-0.003915664554979762
FLAG_DOCUMENT_21,0.0037086250293065816
PREV_NFLAG_LAST_APPL_IN_DAY_MEAN,-0.0036905003042243295
PREV_NAME_GOODS_CATEGORY_VEHICLES,0.0036805126980381728
PREV_NAME_GOODS_CATEGORY_FITNESS,-0.0036163528666818563
PREV_NAME_CASH_LOAN_PURPOSE_EDUCATION,0.0034255421997825435
PREV_NAME_CASH_LOAN_PURPOSE_PURCHASE OF ELECTRONIC EQUIPMENT,0.0034044515134374433
FLAG_DOCUMENT_17,-0.0033775691474138324
PREV_RATE_INTEREST_PRIVILEGED_MIN,0.003282874840416371
PREV_WEEKDAY_APPR_PROCESS_START_THURSDAY,0.0032571933986130955
PREV_CHANNEL_TYPE_CAR DEALER,-0.0031483226150742904
PREV_SELLERPLACE_AREA_MAX,-0.0031345818472879824
BUREAU_CNT_CREDIT_PROLONG_MEAN,0.003031395670110381
PREV_NAME_GOODS_CATEGORY_AUTO ACCESSORIES,0.0029906709496583406
BUREAU_DAYS_ENDDATE_FACT_MAX,0.002946944087227158
BUREAU_AMT_CREDIT_MAX_OVERDUE_MEAN,0.0028753772386571046
PREV_NAME_GOODS_CATEGORY_JEWELRY,0.002823168953315323
LIVE_REGION_NOT_WORK_REGION,0.0028194791841590814
PREV_NAME_GOODS_CATEGORY_INSURANCE,0.0028077908809687065
BUREAU_CREDIT_CURRENCY_CURRENCY 3,0.0027825671625151187
PREV_NAME_PORTFOLIO_CARS,-0.002766627763460411
BUREAU_CREDIT_TYPE_LOAN FOR BUSINESS DEVELOPMENT,-0.0027586580986145226
BUREAU_AMT_CREDIT_SUM_DEBT_STD,-0.0026907027052782686
FLAG_DOCUMENT_4,-0.002672082170162092
PREV_SK_ID_PREV_MIN,-0.0026548341073738533
PREV_PRODUCT_COMBINATION_CASH STREET: LOW,0.0025868632879846565
PREV_NAME_TYPE_SUITE_OTHER_B,0.002584608942747747
PREV_PRODUCT_COMBINATION_POS MOBILE WITHOUT INTEREST,-0.0025634528534823667
BUREAU_CREDIT_TYPE_UNKNOWN TYPE OF LOAN,-0.0024759012424704387
PREV_SELLERPLACE_AREA_MEAN,-0.0024327391126400893
PREV_NAME_GOODS_CATEGORY_ADDITIONAL SERVICE,-0.002355239560154018
PREV_RATE_INTEREST_PRIVILEGED_MEAN,0.0023475181218641523
PREV_NAME_GOODS_CATEGORY_EDUCATION,-0.0022458754611075593
PREV_DAYS_TERMINATION_STD,-0.0022435342678105976
BUREAU_AMT_CREDIT_MAX_OVERDUE_MAX,0.002226251620360641
PREV_RATE_INTEREST_PRIVILEGED_MAX,0.0021639069032563414
PREV_PRODUCT_COMBINATION_POS OTHERS WITHOUT INTEREST,-0.002154381542488993
PREV_NAME_CASH_LOAN_PURPOSE_EVERYDAY EXPENSES,0.002057921750848165
PREV_NAME_SELLER_INDUSTRY_JEWELRY,0.0019853573164139897
PREV_RATE_INTEREST_PRIVILEGED_STD,-0.001978962872640748
BUREAU_CREDIT_TYPE_REAL ESTATE LOAN,-0.0019049585243543716
PREV_SK_ID_PREV_MEAN,0.0018951242264568745
BUREAU_CREDIT_TYPE_ANOTHER TYPE OF LOAN,-0.0017611698259603335
FLAG_EMAIL,-0.0017583834312544754
PREV_RATE_INTEREST_PRIMARY_MIN,0.001750879495646306
BUREAU_AMT_CREDIT_SUM_DEBT_MAX,-0.0017232769878901123
AMT_REQ_CREDIT_BUREAU_DAY,0.001701073917568061
PREV_NAME_CLIENT_TYPE_XNA,0.0016877341385630516
PREV_NAME_CASH_LOAN_PURPOSE_JOURNEY,0.0016718659787981253
BUREAU_CREDIT_TYPE_LOAN FOR WORKING CAPITAL REPLENISHMENT,0.0016050418582676945
FLAG_DOCUMENT_7,-0.0015195031600879073
BUREAU_CREDIT_CURRENCY_CURRENCY 4,-0.0014437587590734962
PREV_CHANNEL_TYPE_COUNTRY-WIDE,-0.0014232643605309127
FLAG_DOCUMENT_10,-0.001413891597524147
BUREAU_AMT_CREDIT_MAX_OVERDUE_STD,0.0013851279704973668
BUREAU_AMT_ANNUITY_STD,0.0013658387862867116
BUREAU_AMT_ANNUITY_MAX,0.0013604496269162462
FLAG_DOCUMENT_19,-0.001357518324300817
PREV_NAME_CASH_LOAN_PURPOSE_BUYING A NEW CAR,0.0013543614712445405
PREV_NAME_CASH_LOAN_PURPOSE_BUSINESS DEVELOPMENT,0.001349475224148389
AMT_REQ_CREDIT_BUREAU_WEEK,-0.0013056695315827717
PREV_SELLERPLACE_AREA_MIN,-0.0012943268442836338
PREV_NAME_CASH_LOAN_PURPOSE_FURNITURE,0.0012694621240102054
PREV_NAME_GOODS_CATEGORY_DIRECT SALES,0.0012607838233486192
PREV_RATE_INTEREST_PRIMARY_STD,-0.0012067038938516775
PREV_NAME_CASH_LOAN_PURPOSE_REFUSAL TO NAME THE GOAL,0.0011868981460339213
PREV_NAME_TYPE_SUITE_GROUP OF PEOPLE,0.001086210611653925
BUREAU_CREDIT_TYPE_CASH LOAN (NON-EARMARKED),-0.0009689125574579816
PREV_NAME_CONTRACT_STATUS_UNUSED OFFER,0.0009233685198149655
PREV_CODE_REJECT_REASON_CLIENT,0.0009233685198149655
PREV_NAME_GOODS_CATEGORY_WEAPON,-0.0009183602761844982
BUREAU_CREDIT_TYPE_LOAN FOR PURCHASE OF SHARES (MARGIN LENDING),-0.0009026339075747642
PREV_DAYS_LAST_DUE_STD,0.0008553146702732088
PREV_NAME_CASH_LOAN_PURPOSE_BUYING A HOME,0.0007771714501110487
FLAG_DOCUMENT_12,-0.0007557507043578884
PREV_RATE_INTEREST_PRIMARY_MAX,-0.000752307698441977
BUREAU_AMT_ANNUITY_MEAN,0.0007485203358019861
BUREAU_AMT_CREDIT_SUM_DEBT_MIN,0.0007416301380964356
PREV_NAME_GOODS_CATEGORY_SPORT AND LEISURE,-0.0007166892811420412
PREV_NAME_CASH_LOAN_PURPOSE_BUYING A GARAGE,0.0006802670430230303
PREV_CODE_REJECT_REASON_VERIF,0.0006798117145132162
PREV_CODE_REJECT_REASON_SYSTEM,-0.0006728053485743415
PREV_NFLAG_LAST_APPL_IN_DAY_MAX,-0.0005831496235397897
BUREAU_CREDIT_TYPE_INTERBANK CREDIT,-0.0005638701457871954
BUREAU_CREDIT_TYPE_MOBILE OPERATOR LOAN,-0.0005638701457871806
PREV_NAME_GOODS_CATEGORY_ANIMALS,-0.0005537100502127568
FLAG_MOBIL,0.0005343955790422229
PREV_RATE_INTEREST_PRIMARY_MEAN,0.0004017752684707217
PREV_NFLAG_INSURED_ON_APPROVAL_MIN,0.0004006939415742326
FLAG_CONT_MOBILE,0.0003701268023492007
PREV_NAME_CASH_LOAN_PURPOSE_XNA,-0.0003583581877953998
PREV_WEEKDAY_APPR_PROCESS_START_TUESDAY,0.0003335772642995414
FLAG_DOCUMENT_5,-0.0003157774166463804
BUREAU_CREDIT_TYPE_LOAN FOR THE PURCHASE OF EQUIPMENT,0.0002864754058735297
PREV_SK_ID_PREV_STD,-0.0002852162400814118
PREV_NAME_PAYMENT_TYPE_NON-CASH FROM YOUR ACCOUNT,0.000253823366832874
PREV_NAME_GOODS_CATEGORY_OFFICE APPLIANCES,-0.0002357250570662532
FLAG_DOCUMENT_20,0.00021539355797734117
BUREAU_CNT_CREDIT_PROLONG_MIN,-0.00018195303732989858
BUREAU_AMT_ANNUITY_MIN,-0.00014716826269583848
PREV_NAME_CASH_LOAN_PURPOSE_MONEY FOR A THIRD PERSON,0.0001211624900472141
AMT_REQ_CREDIT_BUREAU_HOUR,-7.362711830898142e-05
PREV_NAME_PAYMENT_TYPE_CASHLESS FROM THE ACCOUNT OF THE EMPLOYER,5.77446020820882e-05
BUREAU_AMT_CREDIT_SUM_DEBT_MEAN,9.71800821855096e-06
BUREAU_AMT_CREDIT_SUM_OVERDUE_MIN,3.302671796965933e-06
BUREAU_CREDIT_ACTIVE_NAN,
BUREAU_CREDIT_CURRENCY_NAN,
BUREAU_CREDIT_TYPE_NAN,
PREV_NAME_CONTRACT_TYPE_NAN,
PREV_WEEKDAY_APPR_PROCESS_START_NAN,
PREV_FLAG_LAST_APPL_PER_CONTRACT_NAN,
PREV_NAME_CASH_LOAN_PURPOSE_NAN,
PREV_NAME_CONTRACT_STATUS_NAN,
PREV_NAME_PAYMENT_TYPE_NAN,
PREV_CODE_REJECT_REASON_NAN,
PREV_NAME_CLIENT_TYPE_NAN,
PREV_NAME_GOODS_CATEGORY_HOUSE CONSTRUCTION,
PREV_NAME_GOODS_CATEGORY_NAN,
PREV_NAME_PORTFOLIO_NAN,
PREV_NAME_PRODUCT_TYPE_NAN,
PREV_CHANNEL_TYPE_NAN,
PREV_NAME_SELLER_INDUSTRY_NAN,
PREV_NAME_YIELD_GROUP_NAN,
